{"000_2d": {"name": "000_2d", "hlines": [0.46663815053935664, 0.6681174829321466, 0.9069279965907079, 1.3093884805578644], "cumulative_hlines": [0.46663815053935664, 0.46086340194826353, 0.4594887731311462, 0.45893761812620026], "rnd_1d": [0.6595788600724923, 0.5510359051305317, 0.5188398878674849, 0.50534560968403, 0.4965526354881364, 0.49095830247858935, 0.4869172685789511, 0.48388806846529525, 0.4814862753420451, 0.4798445875832503, 0.47790492593777884, 0.476770098395037, 0.4760052461247631, 0.47516031757287125, 0.47423709924762214], "rnd_2d": [0.8549975794970475, 0.68867371474844, 0.6222976864432421, 0.5729655019113955, 0.5487256999140602, 0.5369700179275326, 0.5233445441403868, 0.5182575321237739, 0.5108027988860857, 0.5048070399751867, 0.5002442774147592, 0.4979948757644137, 0.49360794996614443, 0.4930704255322717, 0.48928150000723625]}, "001_2d": {"name": "001_2d", "hlines": [0.4148640504310588, 0.6054151444713016, 0.9256968471351636, 1.3589432562642902], "cumulative_hlines": [0.4148640504310588, 0.4109652994760682, 0.41082768483099313, 0.4119373350357928], "rnd_1d": [0.5442745496855502, 0.4794152147077347, 0.45549094003925217, 0.44517670604758514, 0.4379480908527703, 0.4339665797705826, 0.43065793373241645, 0.42856129925923364, 0.426298479465512, 0.42523080598859986, 0.42451236285545674, 0.4233359809424797, 0.42212840621155545, 0.4216738263413128, 0.42081729156928993], "rnd_2d": [0.7322898277045237, 0.5811999980293376, 0.5350777708107156, 0.5052705405812256, 0.4853646908735925, 0.4739090182756554, 0.46594248206993255, 0.45779138485976234, 0.45306590197591745, 0.4489038134439462, 0.446304206583691, 0.4407534357569262, 0.44036746577533664, 0.43798489476144165, 0.43637252518462305]}, "003_2d": {"name": "003_2d", "hlines": [0.4548548769251731, 0.5402902769478201, 0.7376317386487988, 1.0296772210824314], "cumulative_hlines": [0.4548548769251731, 0.44984437696948526, 0.44975031226938966, 0.44947945695900593], "rnd_1d": [0.5883700872272936, 0.5022383906403318, 0.48223979913906534, 0.4758868556069882, 0.47145617484582686, 0.46834159129545844, 0.46663488193542463, 0.4646305303490935, 0.46376105137061535, 0.46306577412339067, 0.46208986185450146, 0.4614927020342477, 0.46053336758216395, 0.4600599543090913, 0.45973137470982467], "rnd_2d": [0.7111663089445723, 0.5534872380379003, 0.5072844986387073, 0.49232416457256817, 0.48466317485655297, 0.47899858391434635, 0.47482316358880894, 0.4722303717525885, 0.47022686831748084, 0.4681269656794867, 0.4668476164912853, 0.46519461810741214, 0.46463123615532076, 0.463190943079407, 0.4627246227705619]}, "006_2d": {"name": "006_2d", "hlines": [0.5557289989974021, 0.7318729018432746, 1.0453606148925185, 1.4990053698393246], "cumulative_hlines": [0.5557289989974021, 0.5556897042222895, 0.555496742873841, 0.5556106054236228], "rnd_1d": [0.6829124742004522, 0.607899591799068, 0.5898349964731814, 0.581434544804752, 0.5746616361156939, 0.5714807465449552, 0.568150804317052, 0.5659845701396878, 0.5646295359641323, 0.5633493183862016, 0.5622066879554115, 0.561668528299657, 0.5609201633201681, 0.5603975914717572, 0.5597208024099374], "rnd_2d": [0.8879555880679965, 0.7106418739766411, 0.6542441369900849, 0.6293005871540415, 0.6129026933999397, 0.6034541207842826, 0.5968925720409964, 0.5918273380534, 0.5879873644843042, 0.5836107489609792, 0.5818858194181761, 0.578377222058655, 0.5772064572384448, 0.5760651141008918, 0.5735802278683138]}, "009_2d": {"name": "009_2d", "hlines": [0.6245830093697244, 0.9133167740655505, 1.3057370156038364, 1.7389301461588706], "cumulative_hlines": [0.6245830093697244, 0.6282227763940108, 0.6326617176861353, 0.6352002870713123], "rnd_1d": [0.8064481129235577, 0.718902781246115, 0.687833575888541, 0.6712332909395446, 0.6611113823837385, 0.6550822458814431, 0.6501756602147928, 0.6456823353404689, 0.6426413946102153, 0.6417397330851926, 0.6395893180106812, 0.6376996195768875, 0.6357263410276075, 0.6354318171359161, 0.6342821209379678], "rnd_2d": [1.0633908829363776, 0.8841481864315723, 0.8130146216044356, 0.7745643164201199, 0.754212117859065, 0.7367976719183763, 0.7228081453156652, 0.7149328307072297, 0.7054658322515036, 0.7001365193424567, 0.6953552437322247, 0.6892098836272268, 0.6849948249472007, 0.679437773233965, 0.6790128717983827]}, "124_2d": {"name": "124_2d", "hlines": [0.6743742081019111, 0.9397345245159775, 1.261823176857033, 1.7422446917358836], "cumulative_hlines": [0.6743742081019111, 0.676556098434842, 0.678389931597261, 0.6795227000785334], "rnd_1d": [0.8353595549341972, 0.740521764592264, 0.7181486178796023, 0.7048856260281776, 0.698473404980237, 0.6933015243583789, 0.6906367124433757, 0.6881222580108277, 0.6863016392180846, 0.6845019562771442, 0.683504062409526, 0.6825127243721506, 0.6819143179050486, 0.6811093806383614, 0.6801933160906731], "rnd_2d": [1.06807823884022, 0.8879849688676701, 0.8181338779381402, 0.7836372074624677, 0.7622710884499732, 0.7486691806800018, 0.7372895978911135, 0.7324195938941426, 0.7243426914254002, 0.7222681320491691, 0.715379949734514, 0.7143814159960552, 0.7103839129856175, 0.7087154925992121, 0.706203898609777]}, "195_2d": {"name": "195_2d", "hlines": [0.5227990452959842, 0.7714222163593076, 1.094997352078578, 1.5253031249493274], "cumulative_hlines": [0.5227990452959842, 0.5220855417208214, 0.5205577573145774, 0.520918637525072], "rnd_1d": [0.7319462951342696, 0.6066764543176867, 0.5745008124482649, 0.5594518256621865, 0.5504183614104295, 0.545242319941918, 0.5407743390535815, 0.5386786511681633, 0.535964527803659, 0.534285159306767, 0.5328763135662041, 0.5315499011224671, 0.5310434716352717, 0.5297721841426971, 0.5291014591655122], "rnd_2d": [0.978531424130324, 0.7697058577037318, 0.6865862664806427, 0.6438178651020844, 0.6181786442795625, 0.6024725589545633, 0.5886246674174196, 0.5804013442067921, 0.5735289220556716, 0.5682408412789698, 0.5648526991527847, 0.5615078852703328, 0.5570949115750505, 0.5545089651809945, 0.5521206450855773]}}